<?xml version="1.0" encoding="UTF-8"?>
<project-private xmlns="http://www.netbeans.org/ns/project-private/1">
    <editor-bookmarks xmlns="http://www.netbeans.org/ns/editor-bookmarks/2" lastBookmarkId="0"/>
    <open-files xmlns="http://www.netbeans.org/ns/projectui-open-files/2">
        <group>
            <file>file:/E:/GymApp/Gym/src/Gym/Update.java</file>
            <file>file:/E:/GymApp/Gym/src/Gym/members.java</file>
            <file>file:/E:/GymApp/Gym/src/Gym/login.java</file>
            <file>file:/E:/GymApp/Gym/src/Gym/registeration.java</file>
            <file>file:/E:/GymApp/Gym/src/Gym/Gym.java</file>
        </group>
    </open-files>
</project-private>
